-- Deterministic academic configuration for local development.

begin;

insert into public.institutions (
  id, name, slug, phone, email, address, currency, timezone, locale, class_structure_mode
)
values (
  '20000000-0000-0000-0000-000000000001',
  'Complexe Scolaire GeeCole',
  'complexe-scolaire-geecole',
  '+224 610 00 00 00',
  'contact@geecole.local',
  'Kipé, Conakry',
  'GNF',
  'Africa/Conakry',
  'fr-GN',
  'levels_and_classes'
);

insert into public.memberships (id, institution_id, user_id, role, status)
values
  ('21000000-0000-0000-0000-000000000001', '20000000-0000-0000-0000-000000000001', '10000000-0000-0000-0000-000000000001', 'owner', 'active'),
  ('21000000-0000-0000-0000-000000000002', '20000000-0000-0000-0000-000000000001', '10000000-0000-0000-0000-000000000002', 'admin', 'active'),
  ('21000000-0000-0000-0000-000000000003', '20000000-0000-0000-0000-000000000001', '10000000-0000-0000-0000-000000000003', 'secretary', 'active');

insert into public.cycle_catalog (id, name, code, description, icon, sort_order, is_active)
values
  ('22000000-0000-0000-0000-000000000001', 'Préscolaire', 'PRESCOLAIRE', 'Premières années et préparation au primaire', 'pi-sparkles', 10, true),
  ('22000000-0000-0000-0000-000000000002', 'Primaire', 'PRIMAIRE', 'Enseignement primaire', 'pi-pencil', 20, true),
  ('22000000-0000-0000-0000-000000000003', 'Collège', 'COLLEGE', 'Premier cycle du secondaire', 'pi-book', 30, true),
  ('22000000-0000-0000-0000-000000000004', 'Lycée', 'LYCEE', 'Second cycle du secondaire', 'pi-graduation-cap', 40, true);

insert into public.academic_cycles (
  id, institution_id, name, code, sort_order, is_active, period_system, period_count,
  subjects_period_scope, grading_scale, pass_average, ranking_enabled, absences_on_report
)
values
  ('23000000-0000-0000-0000-000000000001', '20000000-0000-0000-0000-000000000001', 'Primaire', 'PRIMAIRE', 20, true, 'term', 3, 'all', 10, 5, true, true),
  ('23000000-0000-0000-0000-000000000002', '20000000-0000-0000-0000-000000000001', 'Collège', 'COLLEGE', 30, true, 'term', 3, 'selectable', 20, 10, true, true),
  ('23000000-0000-0000-0000-000000000003', '20000000-0000-0000-0000-000000000001', 'Lycée', 'LYCEE', 40, true, 'semester', 2, 'selectable', 20, 10, true, true);

insert into public.institution_cycles (
  id, institution_id, catalog_cycle_id, academic_cycle_id, sort_order, is_active
)
values
  ('24000000-0000-0000-0000-000000000001', '20000000-0000-0000-0000-000000000001', '22000000-0000-0000-0000-000000000002', '23000000-0000-0000-0000-000000000001', 20, true),
  ('24000000-0000-0000-0000-000000000002', '20000000-0000-0000-0000-000000000001', '22000000-0000-0000-0000-000000000003', '23000000-0000-0000-0000-000000000002', 30, true),
  ('24000000-0000-0000-0000-000000000003', '20000000-0000-0000-0000-000000000001', '22000000-0000-0000-0000-000000000004', '23000000-0000-0000-0000-000000000003', 40, true);

insert into public.academic_years (id, institution_id, name, starts_on, ends_on, status)
values
  ('25000000-0000-0000-0000-000000000001', '20000000-0000-0000-0000-000000000001', '2024-2025', '2024-09-16', '2025-06-30', 'preparation'),
  ('25000000-0000-0000-0000-000000000002', '20000000-0000-0000-0000-000000000001', '2025-2026', '2025-09-15', '2026-06-30', 'preparation'),
  ('25000000-0000-0000-0000-000000000003', '20000000-0000-0000-0000-000000000001', '2026-2027', '2026-09-14', '2027-06-30', 'preparation');

insert into public.academic_year_cycles (
  id, institution_id, academic_year_id, cycle_id, name, code, sort_order,
  period_system, period_count, is_active, subjects_period_scope,
  grading_scale, pass_average, ranking_enabled, absences_on_report
)
values
  ('26000000-0000-0000-0000-000000000001', '20000000-0000-0000-0000-000000000001', '25000000-0000-0000-0000-000000000001', '23000000-0000-0000-0000-000000000001', 'Primaire', 'PRIMAIRE', 20, 'term', 3, true, 'all', 10, 5, true, true),
  ('26000000-0000-0000-0000-000000000002', '20000000-0000-0000-0000-000000000001', '25000000-0000-0000-0000-000000000001', '23000000-0000-0000-0000-000000000002', 'Collège', 'COLLEGE', 30, 'term', 3, true, 'selectable', 20, 10, true, true),
  ('26000000-0000-0000-0000-000000000003', '20000000-0000-0000-0000-000000000001', '25000000-0000-0000-0000-000000000002', '23000000-0000-0000-0000-000000000001', 'Primaire', 'PRIMAIRE', 20, 'term', 3, true, 'all', 10, 5, true, true),
  ('26000000-0000-0000-0000-000000000004', '20000000-0000-0000-0000-000000000001', '25000000-0000-0000-0000-000000000002', '23000000-0000-0000-0000-000000000002', 'Collège', 'COLLEGE', 30, 'term', 3, true, 'selectable', 20, 10, true, true),
  ('26000000-0000-0000-0000-000000000005', '20000000-0000-0000-0000-000000000001', '25000000-0000-0000-0000-000000000003', '23000000-0000-0000-0000-000000000001', 'Primaire', 'PRIMAIRE', 20, 'term', 3, true, 'all', 10, 5, true, true),
  ('26000000-0000-0000-0000-000000000006', '20000000-0000-0000-0000-000000000001', '25000000-0000-0000-0000-000000000003', '23000000-0000-0000-0000-000000000002', 'Collège', 'COLLEGE', 30, 'term', 3, true, 'selectable', 20, 10, true, true),
  ('26000000-0000-0000-0000-000000000007', '20000000-0000-0000-0000-000000000001', '25000000-0000-0000-0000-000000000003', '23000000-0000-0000-0000-000000000003', 'Lycée', 'LYCEE', 40, 'semester', 2, true, 'selectable', 20, 10, true, true);

insert into public.grade_levels (
  id, institution_id, cycle_id, name, code, sort_order, is_active, capacity, repeat_allowed
)
values
  ('27000000-0000-0000-0000-000000000001', '20000000-0000-0000-0000-000000000001', '23000000-0000-0000-0000-000000000001', '5e année', 'P5', 50, true, 35, true),
  ('27000000-0000-0000-0000-000000000002', '20000000-0000-0000-0000-000000000001', '23000000-0000-0000-0000-000000000001', '6e année', 'P6', 60, true, 35, true),
  ('27000000-0000-0000-0000-000000000003', '20000000-0000-0000-0000-000000000001', '23000000-0000-0000-0000-000000000002', '7e année', 'C7', 70, true, 40, true),
  ('27000000-0000-0000-0000-000000000004', '20000000-0000-0000-0000-000000000002', '23000000-0000-0000-0000-000000000002', '8e année', 'C8', 80, true, 40, true),
  ('27000000-0000-0000-0000-000000000005', '20000000-0000-0000-0000-000000000001', '23000000-0000-0000-0000-000000000003', '11e année', 'L11', 110, true, 45, true);

update public.grade_levels
set next_level_id = case id
  when '27000000-0000-0000-0000-000000000001' then '27000000-0000-0000-0000-000000000002'::uuid
  when '27000000-0000-0000-0000-000000000002' then '27000000-0000-0000-0000-000000000003'::uuid
  when '27000000-0000-0000-0000-000000000003' then '27000000-0000-0000-0000-000000000004'::uuid
  else null
end
where id in (
  '27000000-0000-0000-0000-000000000001',
  '27000000-0000-0000-0000-000000000002',
  '27000000-0000-0000-0000-000000000003'
);

insert into public.academic_year_levels (
  id, institution_id, academic_year_id, academic_year_cycle_id, cycle_id, level_id,
  cycle_name_snapshot, level_name_snapshot, level_code_snapshot, sort_order, is_active
)
values
  ('28000000-0000-0000-0000-000000000001', '20000000-0000-0000-0000-000000000001', '25000000-0000-0000-0000-000000000001', '26000000-0000-0000-0000-000000000001', '23000000-0000-0000-0000-000000000001', '27000000-0000-0000-0000-000000000002', 'Primaire', '6e année', 'P6', 60, true),
  ('28000000-0000-0000-0000-000000000002', '20000000-0000-0000-0000-000000000001', '25000000-0000-0000-0000-000000000001', '26000000-0000-0000-0000-000000000002', '23000000-0000-0000-0000-000000000002', '27000000-0000-0000-0000-000000000003', 'Collège', '7e année', 'C7', 70, true),
  ('28000000-0000-0000-0000-000000000003', '20000000-0000-0000-0000-000000000001', '25000000-0000-0000-0000-000000000002', '26000000-0000-0000-0000-000000000003', '23000000-0000-0000-0000-000000000001', '27000000-0000-0000-0000-000000000001', 'Primaire', '5e année', 'P5', 50, true),
  ('28000000-0000-0000-0000-000000000004', '20000000-0000-0000-0000-000000000001', '25000000-0000-0000-0000-000000000002', '26000000-0000-0000-0000-000000000003', '23000000-0000-0000-0000-000000000001', '27000000-0000-0000-0000-000000000002', 'Primaire', '6e année', 'P6', 60, true),
  ('28000000-0000-0000-0000-000000000005', '20000000-0000-0000-0000-000000000001', '25000000-0000-0000-0000-000000000002', '26000000-0000-0000-0000-000000000004', '23000000-0000-0000-0000-000000000002', '27000000-0000-0000-0000-000000000003', 'Collège', '7e année', 'C7', 70, true),
  ('28000000-0000-0000-0000-000000000006', '20000000-0000-0000-0000-000000000001', '25000000-0000-0000-0000-000000000002', '26000000-0000-0000-0000-000000000004', '23000000-0000-0000-0000-000000000002', '27000000-0000-0000-0000-000000000004', 'Collège', '8e année', 'C8', 80, true),
  ('28000000-0000-0000-0000-000000000007', '20000000-0000-0000-0000-000000000001', '25000000-0000-0000-0000-000000000003', '26000000-0000-0000-0000-000000000005', '23000000-0000-0000-0000-000000000001', '27000000-0000-0000-0000-000000000002', 'Primaire', '6e année', 'P6', 60, true),
  ('28000000-0000-0000-0000-000000000008', '20000000-0000-0000-0000-000000000001', '25000000-0000-0000-0000-000000000003', '26000000-0000-0000-0000-000000000006', '23000000-0000-0000-0000-000000000002', '27000000-0000-0000-0000-000000000003', 'Collège', '7e année', 'C7', 70, true),
  ('28000000-0000-0000-0000-000000000009', '20000000-0000-0000-0000-000000000001', '25000000-0000-0000-0000-000000000003', '26000000-0000-0000-0000-000000000007', '23000000-0000-0000-0000-000000000003', '27000000-0000-0000-0000-000000000005', 'Lycée', '11e année', 'L11', 110, true);

insert into public.academic_periods (
  id, institution_id, academic_year_id, cycle_id, name, code, sequence, starts_on, ends_on, status
)
values
  ('29000000-0000-0000-0000-000000000001', '20000000-0000-0000-0000-000000000001', '25000000-0000-0000-0000-000000000002', '23000000-0000-0000-0000-000000000001', 'Premier trimestre', 'T1', 1, '2025-09-15', '2025-12-19', 'open'),
  ('29000000-0000-0000-0000-000000000002', '20000000-0000-0000-0000-000000000001', '25000000-0000-0000-0000-000000000002', '23000000-0000-0000-0000-000000000001', 'Deuxième trimestre', 'T2', 2, '2026-01-05', '2026-03-27', 'planned'),
  ('29000000-0000-0000-0000-000000000003', '20000000-0000-0000-0000-000000000001', '25000000-0000-0000-0000-000000000002', '23000000-0000-0000-0000-000000000001', 'Troisième trimestre', 'T3', 3, '2026-04-06', '2026-06-30', 'planned'),
  ('29000000-0000-0000-0000-000000000004', '20000000-0000-0000-0000-000000000001', '25000000-0000-0000-0000-000000000002', '23000000-0000-0000-0000-000000000002', 'Premier trimestre', 'T1', 1, '2025-09-15', '2025-12-19', 'open'),
  ('29000000-0000-0000-0000-000000000005', '20000000-0000-0000-0000-000000000001', '25000000-0000-0000-0000-000000000002', '23000000-0000-0000-0000-000000000002', 'Deuxième trimestre', 'T2', 2, '2026-01-05', '2026-03-27', 'planned'),
  ('29000000-0000-0000-0000-000000000006', '20000000-0000-0000-0000-000000000001', '25000000-0000-0000-0000-000000000002', '23000000-0000-0000-0000-000000000002', 'Troisième trimestre', 'T3', 3, '2026-04-06', '2026-06-30', 'planned');

insert into public.subjects (id, institution_id, name, code, is_active)
values
  ('2a000000-0000-0000-0000-000000000001', '20000000-0000-0000-0000-000000000001', 'Français', 'FRA', true),
  ('2a000000-0000-0000-0000-000000000002', '20000000-0000-0000-0000-000000000001', 'Mathématiques', 'MAT', true),
  ('2a000000-0000-0000-0000-000000000003', '20000000-0000-0000-0000-000000000001', 'Sciences', 'SCI', true),
  ('2a000000-0000-0000-0000-000000000004', '20000000-0000-0000-0000-000000000001', 'Anglais', 'ANG', true);

insert into public.annual_subjects (
  id, institution_id, academic_year_id, academic_year_level_id, subject_id,
  subject_name_snapshot, coefficient, weekly_hours, applies_all_periods, period_ids
)
values
  ('2b000000-0000-0000-0000-000000000001', '20000000-0000-0000-0000-000000000001', '25000000-0000-0000-0000-000000000002', '28000000-0000-0000-0000-000000000004', '2a000000-0000-0000-0000-000000000001', 'Français', 3, 5, true, '{}'),
  ('2b000000-0000-0000-0000-000000000002', '20000000-0000-0000-0000-000000000001', '25000000-0000-0000-0000-000000000002', '28000000-0000-0000-0000-000000000004', '2a000000-0000-0000-0000-000000000002', 'Mathématiques', 4, 6, true, '{}'),
  ('2b000000-0000-0000-0000-000000000003', '20000000-0000-0000-0000-000000000001', '25000000-0000-0000-0000-000000000002', '28000000-0000-0000-0000-000000000005', '2a000000-0000-0000-0000-000000000003', 'Sciences', 2, 3, false, array['29000000-0000-0000-0000-000000000004'::uuid, '29000000-0000-0000-0000-000000000005'::uuid]),
  ('2b000000-0000-0000-0000-000000000004', '20000000-0000-0000-0000-000000000001', '25000000-0000-0000-0000-000000000002', '28000000-0000-0000-0000-000000000005', '2a000000-0000-0000-0000-000000000004', 'Anglais', 2, 3, true, '{}');

insert into public.assessment_types (
  id, institution_id, academic_year_id, name, code, weight, scale, is_active
)
values
  ('2c000000-0000-0000-0000-000000000001', '20000000-0000-0000-0000-000000000001', '25000000-0000-0000-0000-000000000002', 'Interrogation', 'INTERRO', 1, 20, true),
  ('2c000000-0000-0000-0000-000000000002', '20000000-0000-0000-0000-000000000001', '25000000-0000-0000-0000-000000000002', 'Composition', 'COMPO', 2, 20, true);

insert into public.grading_formulas (
  id, institution_id, academic_year_id, name, code, expression, description, is_default
)
values (
  '2d000000-0000-0000-0000-000000000001',
  '20000000-0000-0000-0000-000000000001',
  '25000000-0000-0000-0000-000000000002',
  'Moyenne pondérée',
  'MOY_POND',
  'sum(score * weight) / sum(weight)',
  'Formule de démonstration pour les évaluations pondérées.',
  true
);

insert into public.financial_rules (
  id, institution_id, academic_year_id, name, code, amount, due_day, frequency,
  is_active, fee_type, is_mandatory, discount_allowed, amount_editable, installment_count
)
values
  ('2e000000-0000-0000-0000-000000000001', '20000000-0000-0000-0000-000000000001', '25000000-0000-0000-0000-000000000002', 'Frais d’inscription', 'INSCRIPTION', 250000, null, 'once', true, 'enrollment', true, false, false, 1),
  ('2e000000-0000-0000-0000-000000000002', '20000000-0000-0000-0000-000000000001', '25000000-0000-0000-0000-000000000002', 'Scolarité mensuelle', 'SCOLARITE', 150000, 10, 'monthly', true, 'tuition', true, true, false, 9);

insert into public.financial_rule_levels (
  financial_rule_id, academic_year_level_id, institution_id, academic_year_id
)
values
  ('2e000000-0000-0000-0000-000000000001', '28000000-0000-0000-0000-000000000004', '20000000-0000-0000-0000-000000000001', '25000000-0000-0000-0000-000000000002'),
  ('2e000000-0000-0000-0000-000000000001', '28000000-0000-0000-0000-000000000005', '20000000-0000-0000-0000-000000000001', '25000000-0000-0000-0000-000000000002'),
  ('2e000000-0000-0000-0000-000000000002', '28000000-0000-0000-0000-000000000004', '20000000-0000-0000-0000-000000000001', '25000000-0000-0000-0000-000000000002'),
  ('2e000000-0000-0000-0000-000000000002', '28000000-0000-0000-0000-000000000005', '20000000-0000-0000-0000-000000000001', '25000000-0000-0000-0000-000000000002');

insert into public.enrollment_policies (institution_id)
values ('20000000-0000-0000-0000-000000000001');

insert into public.reenrollment_policies (institution_id)
values ('20000000-0000-0000-0000-000000000001');

-- Exercise all four states while respecting the strict transition workflow.
update public.academic_years set status = 'open' where id = '25000000-0000-0000-0000-000000000001';
update public.academic_years set status = 'closed' where id = '25000000-0000-0000-0000-000000000001';
update public.academic_years set status = 'open' where id = '25000000-0000-0000-0000-000000000002';

commit;
