-- Notes & Bulletins: representative local data (ready, absent, exempt and blocked cases).
begin;

-- Keep the same authorization path as the application so fixture data also
-- validates teacher assignments and note-result permissions.
select set_config('request.jwt.claim.sub', '10000000-0000-0000-0000-000000000001', true);
select set_config('request.jwt.claim.role', 'authenticated', true);

-- Academic periods are normally generated from Settings. They are explicit
-- here so the Notes fixtures remain deterministic after a clean db reset.
insert into public.academic_periods (
  id, institution_id, academic_year_id, cycle_id, name, code, sequence,
  starts_on, ends_on, status
) values
  ('46000000-0000-0000-0000-000000000001','20000000-0000-0000-0000-000000000001','25000000-0000-0000-0000-000000000002','23000000-0000-0000-0000-000000000001','1er trimestre','P1',1,'2025-09-15','2025-12-20','open'),
  ('46000000-0000-0000-0000-000000000002','20000000-0000-0000-0000-000000000001','25000000-0000-0000-0000-000000000002','23000000-0000-0000-0000-000000000001','2e trimestre','P2',2,'2026-01-05','2026-03-31','planned'),
  ('46000000-0000-0000-0000-000000000003','20000000-0000-0000-0000-000000000001','25000000-0000-0000-0000-000000000002','23000000-0000-0000-0000-000000000001','3e trimestre','P3',3,'2026-04-01','2026-06-30','planned'),
  ('46000000-0000-0000-0000-000000000004','20000000-0000-0000-0000-000000000001','25000000-0000-0000-0000-000000000002','23000000-0000-0000-0000-000000000002','1er trimestre','P1',1,'2025-09-15','2025-12-20','open'),
  ('46000000-0000-0000-0000-000000000005','20000000-0000-0000-0000-000000000001','25000000-0000-0000-0000-000000000002','23000000-0000-0000-0000-000000000002','2e trimestre','P2',2,'2026-01-05','2026-03-31','planned'),
  ('46000000-0000-0000-0000-000000000006','20000000-0000-0000-0000-000000000001','25000000-0000-0000-0000-000000000002','23000000-0000-0000-0000-000000000002','3e trimestre','P3',3,'2026-04-01','2026-06-30','planned')
on conflict (academic_year_id, cycle_id, sequence) do nothing;

insert into public.people (id,institution_id,first_name,last_name,email,phone) values
 ('41000000-0000-0000-0000-000000000001','20000000-0000-0000-0000-000000000001','Moussa','Condé','moussa.conde@geecole.local','+224 620 20 20 01'),
 ('41000000-0000-0000-0000-000000000002','20000000-0000-0000-0000-000000000001','Nènè','Sylla','nene.sylla@geecole.local','+224 620 20 20 02');
insert into public.person_roles (institution_id,person_id,role) values
 ('20000000-0000-0000-0000-000000000001','41000000-0000-0000-0000-000000000001','teacher'),
 ('20000000-0000-0000-0000-000000000001','41000000-0000-0000-0000-000000000002','teacher');

insert into public.subjects (id,institution_id,catalog_id,name,code)
select value.id,'20000000-0000-0000-0000-000000000001',catalog.id,catalog.name,catalog.code
from (values
 ('42000000-0000-0000-0000-000000000001'::uuid,'MATHEMATIQUES'),
 ('42000000-0000-0000-0000-000000000002'::uuid,'FRANCAIS')
) as value(id,catalog_code)
join public.subject_catalog catalog on catalog.code=value.catalog_code;
insert into public.assessment_types (id,institution_id,academic_year_id,catalog_id,name,code)
select value.id,'20000000-0000-0000-0000-000000000001','25000000-0000-0000-0000-000000000002',catalog.id,catalog.name,catalog.code
from (values
 ('43000000-0000-0000-0000-000000000001'::uuid,'INTERRO'),
 ('43000000-0000-0000-0000-000000000002'::uuid,'DEVOIR')
) as value(id,catalog_code)
join public.assessment_type_catalog catalog on catalog.code=value.catalog_code;

insert into public.pedagogical_assignments (id,institution_id,academic_year_id,class_id,subject_id,teacher_id,coefficient,all_periods) values
 ('44000000-0000-0000-0000-000000000001','20000000-0000-0000-0000-000000000001','25000000-0000-0000-0000-000000000002','30000000-0000-0000-0000-000000000001','42000000-0000-0000-0000-000000000001','41000000-0000-0000-0000-000000000001',3,true),
 ('44000000-0000-0000-0000-000000000002','20000000-0000-0000-0000-000000000001','25000000-0000-0000-0000-000000000002','30000000-0000-0000-0000-000000000002','42000000-0000-0000-0000-000000000002','41000000-0000-0000-0000-000000000002',2,true);

-- Additional confirmed pupils make the operational tables representative:
-- completed, missing, absent, exempt and postponed results are all visible.
insert into public.students (
  id,institution_id,matricule,first_name,last_name,gender,birth_date,
  birth_place,nationality,address,status
) values
 ('31000000-0000-0000-0000-000000000005','20000000-0000-0000-0000-000000000001','EL-2025-00005','Fatoumata','Barry','female','2013-05-18','Mamou','Guinéenne','Sonfonia','active'),
 ('31000000-0000-0000-0000-000000000006','20000000-0000-0000-0000-000000000001','EL-2025-00006','Mamadou','Soumah','male','2013-09-02','Conakry','Guinéenne','Lambanyi','active'),
 ('31000000-0000-0000-0000-000000000007','20000000-0000-0000-0000-000000000001','EL-2025-00007','Aïssatou','Touré','female','2012-02-11','Kankan','Guinéenne','Kagbelen','active'),
 ('31000000-0000-0000-0000-000000000008','20000000-0000-0000-0000-000000000001','EL-2025-00008','Sékou','Cissé','male','2012-12-07','Faranah','Guinéenne','Nongo','active');

insert into public.enrollments (
  id,institution_id,academic_year_id,student_id,academic_year_level_id,status,
  admission_date,origin,level_name_snapshot,cycle_name_snapshot,policy_snapshot,
  confirmed_at,created_by
) values
 ('33000000-0000-0000-0000-000000000005','20000000-0000-0000-0000-000000000001','25000000-0000-0000-0000-000000000002','31000000-0000-0000-0000-000000000005','28000000-0000-0000-0000-000000000003','confirmed','2025-09-15','new','6e année','Primaire','{}',now(),'10000000-0000-0000-0000-000000000003'),
 ('33000000-0000-0000-0000-000000000006','20000000-0000-0000-0000-000000000001','25000000-0000-0000-0000-000000000002','31000000-0000-0000-0000-000000000006','28000000-0000-0000-0000-000000000003','confirmed','2025-09-15','new','6e année','Primaire','{}',now(),'10000000-0000-0000-0000-000000000003'),
 ('33000000-0000-0000-0000-000000000007','20000000-0000-0000-0000-000000000001','25000000-0000-0000-0000-000000000002','31000000-0000-0000-0000-000000000007','28000000-0000-0000-0000-000000000004','confirmed','2025-09-15','new','7e année','Collège','{}',now(),'10000000-0000-0000-0000-000000000003'),
 ('33000000-0000-0000-0000-000000000008','20000000-0000-0000-0000-000000000001','25000000-0000-0000-0000-000000000002','31000000-0000-0000-0000-000000000008','28000000-0000-0000-0000-000000000004','confirmed','2025-09-15','new','7e année','Collège','{}',now(),'10000000-0000-0000-0000-000000000003');

insert into public.class_assignments (
  id,institution_id,academic_year_id,enrollment_id,class_id,starts_on,created_by
) values
 ('34000000-0000-0000-0000-000000000005','20000000-0000-0000-0000-000000000001','25000000-0000-0000-0000-000000000002','33000000-0000-0000-0000-000000000005','30000000-0000-0000-0000-000000000001','2025-09-15','10000000-0000-0000-0000-000000000003'),
 ('34000000-0000-0000-0000-000000000006','20000000-0000-0000-0000-000000000001','25000000-0000-0000-0000-000000000002','33000000-0000-0000-0000-000000000006','30000000-0000-0000-0000-000000000001','2025-09-15','10000000-0000-0000-0000-000000000003'),
 ('34000000-0000-0000-0000-000000000007','20000000-0000-0000-0000-000000000001','25000000-0000-0000-0000-000000000002','33000000-0000-0000-0000-000000000007','30000000-0000-0000-0000-000000000002','2025-09-15','10000000-0000-0000-0000-000000000003'),
 ('34000000-0000-0000-0000-000000000008','20000000-0000-0000-0000-000000000001','25000000-0000-0000-0000-000000000002','33000000-0000-0000-0000-000000000008','30000000-0000-0000-0000-000000000002','2025-09-15','10000000-0000-0000-0000-000000000003');

insert into public.gradebook_notes (id,institution_id,academic_year_id,class_id,subject_id,period_id,note_type_id,teacher_id,label,code,note_date,is_published)
select '45000000-0000-0000-0000-000000000001','20000000-0000-0000-0000-000000000001','25000000-0000-0000-0000-000000000002','30000000-0000-0000-0000-000000000001','42000000-0000-0000-0000-000000000001',p.id,'43000000-0000-0000-0000-000000000001','41000000-0000-0000-0000-000000000001','Calcul mental 1','CM1','2025-10-10',true from public.academic_periods p where p.academic_year_id='25000000-0000-0000-0000-000000000002' and p.cycle_id='23000000-0000-0000-0000-000000000001' and p.sequence=1;
insert into public.gradebook_notes (id,institution_id,academic_year_id,class_id,subject_id,period_id,note_type_id,teacher_id,label,code,note_date,is_published)
select '45000000-0000-0000-0000-000000000002','20000000-0000-0000-0000-000000000001','25000000-0000-0000-0000-000000000002','30000000-0000-0000-0000-000000000002','42000000-0000-0000-0000-000000000002',p.id,'43000000-0000-0000-0000-000000000002','41000000-0000-0000-0000-000000000002','Rédaction','RED1','2025-10-14',true from public.academic_periods p where p.academic_year_id='25000000-0000-0000-0000-000000000002' and p.cycle_id='23000000-0000-0000-0000-000000000002' and p.sequence=1;
insert into public.gradebook_notes (id,institution_id,academic_year_id,class_id,subject_id,period_id,note_type_id,teacher_id,label,code,note_date,is_published)
select v.id,'20000000-0000-0000-0000-000000000001','25000000-0000-0000-0000-000000000002',v.class_id,v.subject_id,p.id,v.type_id,v.teacher_id,v.label,v.code,v.note_date,true
from (values
 ('45000000-0000-0000-0000-000000000003'::uuid,'30000000-0000-0000-0000-000000000001'::uuid,'42000000-0000-0000-0000-000000000001'::uuid,'43000000-0000-0000-0000-000000000002'::uuid,'41000000-0000-0000-0000-000000000001'::uuid,'Problèmes et raisonnement','DEVOIR-1','2025-10-24'::date,'23000000-0000-0000-0000-000000000001'::uuid),
 ('45000000-0000-0000-0000-000000000004'::uuid,'30000000-0000-0000-0000-000000000001'::uuid,'42000000-0000-0000-0000-000000000001'::uuid,'43000000-0000-0000-0000-000000000001'::uuid,'41000000-0000-0000-0000-000000000001'::uuid,'Fractions','INTERRO-2','2025-11-07'::date,'23000000-0000-0000-0000-000000000001'::uuid),
 ('45000000-0000-0000-0000-000000000005'::uuid,'30000000-0000-0000-0000-000000000002'::uuid,'42000000-0000-0000-0000-000000000002'::uuid,'43000000-0000-0000-0000-000000000001'::uuid,'41000000-0000-0000-0000-000000000002'::uuid,'Grammaire : accords','INTERRO-1','2025-10-28'::date,'23000000-0000-0000-0000-000000000002'::uuid),
 ('45000000-0000-0000-0000-000000000006'::uuid,'30000000-0000-0000-0000-000000000002'::uuid,'42000000-0000-0000-0000-000000000002'::uuid,'43000000-0000-0000-0000-000000000002'::uuid,'41000000-0000-0000-0000-000000000002'::uuid,'Compréhension de texte','DEVOIR-2','2025-11-12'::date,'23000000-0000-0000-0000-000000000002'::uuid)
) as v(id,class_id,subject_id,type_id,teacher_id,label,code,note_date,cycle_id)
join public.academic_periods p on p.academic_year_id='25000000-0000-0000-0000-000000000002' and p.cycle_id=v.cycle_id and p.sequence=1;
insert into public.note_results (institution_id,note_id,student_id,value,status,comment)
select fixture.institution_id::uuid,fixture.note_id::uuid,fixture.student_id::uuid,
       fixture.value::numeric,fixture.status::public.note_result_status,fixture.comment
from (values
 ('20000000-0000-0000-0000-000000000001','45000000-0000-0000-0000-000000000001','31000000-0000-0000-0000-000000000001',16,null,'Très bonne maîtrise'),
 ('20000000-0000-0000-0000-000000000001','45000000-0000-0000-0000-000000000003','31000000-0000-0000-0000-000000000001',13.5,null,'Raisonnement juste, calcul à consolider'),
 ('20000000-0000-0000-0000-000000000001','45000000-0000-0000-0000-000000000004','31000000-0000-0000-0000-000000000001',null,'absent','Absence justifiée'),
 ('20000000-0000-0000-0000-000000000001','45000000-0000-0000-0000-000000000002','31000000-0000-0000-0000-000000000002',null,'postponed','Rattrapage prévu le 18 novembre'),
 ('20000000-0000-0000-0000-000000000001','45000000-0000-0000-0000-000000000005','31000000-0000-0000-0000-000000000002',11,null,'En progrès'),
 ('20000000-0000-0000-0000-000000000001','45000000-0000-0000-0000-000000000006','31000000-0000-0000-0000-000000000002',null,'postponed','Copie à reprendre'),
 ('20000000-0000-0000-0000-000000000001','45000000-0000-0000-0000-000000000001','31000000-0000-0000-0000-000000000005',12,null,'Résultat régulier'),
 ('20000000-0000-0000-0000-000000000001','45000000-0000-0000-0000-000000000003','31000000-0000-0000-0000-000000000005',15,null,'Bonne résolution'),
 ('20000000-0000-0000-0000-000000000001','45000000-0000-0000-0000-000000000004','31000000-0000-0000-0000-000000000005',14,null,null),
 ('20000000-0000-0000-0000-000000000001','45000000-0000-0000-0000-000000000001','31000000-0000-0000-0000-000000000006',null,'exempt','Dispense temporaire'),
 ('20000000-0000-0000-0000-000000000001','45000000-0000-0000-0000-000000000003','31000000-0000-0000-0000-000000000006',9.5,null,'Méthode à revoir'),
 ('20000000-0000-0000-0000-000000000001','45000000-0000-0000-0000-000000000002','31000000-0000-0000-0000-000000000007',17,null,'Très bonne rédaction'),
 ('20000000-0000-0000-0000-000000000001','45000000-0000-0000-0000-000000000005','31000000-0000-0000-0000-000000000007',16,null,'Maîtrise solide'),
 ('20000000-0000-0000-0000-000000000001','45000000-0000-0000-0000-000000000006','31000000-0000-0000-0000-000000000007',14.5,null,null),
 ('20000000-0000-0000-0000-000000000001','45000000-0000-0000-0000-000000000002','31000000-0000-0000-0000-000000000008',8,null,'Production incomplète'),
 ('20000000-0000-0000-0000-000000000001','45000000-0000-0000-0000-000000000005','31000000-0000-0000-0000-000000000008',null,'absent','Absence justifiée')
) as fixture(institution_id,note_id,student_id,value,status,comment)
join public.gradebook_notes note on note.id=fixture.note_id::uuid
where note.institution_id=fixture.institution_id::uuid;
insert into public.subject_appreciations (institution_id,academic_year_id,period_id,class_id,subject_id,student_id,appreciation,author_id)
select '20000000-0000-0000-0000-000000000001','25000000-0000-0000-0000-000000000002',p.id,'30000000-0000-0000-0000-000000000001','42000000-0000-0000-0000-000000000001','31000000-0000-0000-0000-000000000001','Ensemble solide, poursuivre les efforts de rédaction.','41000000-0000-0000-0000-000000000001' from public.academic_periods p where p.academic_year_id='25000000-0000-0000-0000-000000000002' and p.cycle_id='23000000-0000-0000-0000-000000000001' and p.sequence=1;
insert into public.subject_appreciations (institution_id,academic_year_id,period_id,class_id,subject_id,student_id,appreciation,author_id)
select '20000000-0000-0000-0000-000000000001','25000000-0000-0000-0000-000000000002',p.id,'30000000-0000-0000-0000-000000000002','42000000-0000-0000-0000-000000000002','31000000-0000-0000-0000-000000000002','Des progrès en grammaire. Les travaux reportés doivent être terminés.','41000000-0000-0000-0000-000000000002' from public.academic_periods p where p.academic_year_id='25000000-0000-0000-0000-000000000002' and p.cycle_id='23000000-0000-0000-0000-000000000002' and p.sequence=1;
insert into public.subject_appreciations (institution_id,academic_year_id,period_id,class_id,subject_id,student_id,appreciation,author_id)
select '20000000-0000-0000-0000-000000000001','25000000-0000-0000-0000-000000000002',p.id,'30000000-0000-0000-0000-000000000001','42000000-0000-0000-0000-000000000001','31000000-0000-0000-0000-000000000005','Travail sérieux et participation régulière.','41000000-0000-0000-0000-000000000001' from public.academic_periods p where p.academic_year_id='25000000-0000-0000-0000-000000000002' and p.cycle_id='23000000-0000-0000-0000-000000000001' and p.sequence=1;
insert into public.subject_appreciations (institution_id,academic_year_id,period_id,class_id,subject_id,student_id,appreciation,author_id)
select '20000000-0000-0000-0000-000000000001','25000000-0000-0000-0000-000000000002',p.id,'30000000-0000-0000-0000-000000000002','42000000-0000-0000-0000-000000000002','31000000-0000-0000-0000-000000000007','Très bon trimestre, expression écrite précise.','41000000-0000-0000-0000-000000000002' from public.academic_periods p where p.academic_year_id='25000000-0000-0000-0000-000000000002' and p.cycle_id='23000000-0000-0000-0000-000000000002' and p.sequence=1;
insert into public.pedagogical_settings (institution_id,academic_year_id,appreciations_required,ranking_displayed,coefficients_displayed,average_decimal_places,bulletin_title,bulletin_footer) values ('20000000-0000-0000-0000-000000000001','25000000-0000-0000-0000-000000000002',true,true,true,2,'Bulletin de résultats','Groupe scolaire GeeCole · Conakry');

-- Activate the full GeeCole assessment catalogue locally so every formula
-- variable can be exercised from the Settings and Notes screens.
insert into public.assessment_types (
  institution_id, academic_year_id, catalog_id, name, code, weight, is_active
)
select
  '20000000-0000-0000-0000-000000000001',
  '25000000-0000-0000-0000-000000000002',
  catalog.id, catalog.name, catalog.code, 1, true
from public.assessment_type_catalog catalog
where catalog.is_active
on conflict (academic_year_id, code) do nothing;

-- Composition notes exercise expressions mixing INTERRO, DEVOIR and COMPO.
insert into public.gradebook_notes (
  id,institution_id,academic_year_id,class_id,subject_id,period_id,note_type_id,
  teacher_id,label,code,note_date,is_published
)
select
  note.id,
  '20000000-0000-0000-0000-000000000001',
  '25000000-0000-0000-0000-000000000002',
  note.class_id,
  note.subject_id,
  period.id,
  assessment_type.id,
  note.teacher_id,
  note.label,
  note.code,
  note.note_date,
  true
from (values
  ('45000000-0000-0000-0000-000000000007'::uuid,'30000000-0000-0000-0000-000000000001'::uuid,'42000000-0000-0000-0000-000000000001'::uuid,'41000000-0000-0000-0000-000000000001'::uuid,'Composition de mathématiques','COMPO-MATH-P1','2025-12-10'::date,'23000000-0000-0000-0000-000000000001'::uuid),
  ('45000000-0000-0000-0000-000000000008'::uuid,'30000000-0000-0000-0000-000000000002'::uuid,'42000000-0000-0000-0000-000000000002'::uuid,'41000000-0000-0000-0000-000000000002'::uuid,'Composition de français','COMPO-FR-P1','2025-12-11'::date,'23000000-0000-0000-0000-000000000002'::uuid)
) as note(id,class_id,subject_id,teacher_id,label,code,note_date,cycle_id)
join public.academic_periods period
  on period.academic_year_id='25000000-0000-0000-0000-000000000002'
 and period.cycle_id=note.cycle_id and period.sequence=1
join public.assessment_types assessment_type
  on assessment_type.academic_year_id='25000000-0000-0000-0000-000000000002'
 and assessment_type.code='COMPO';

insert into public.note_results (institution_id,note_id,student_id,value,status,comment)
select fixture.institution_id::uuid,fixture.note_id::uuid,fixture.student_id::uuid,
       fixture.value::numeric,fixture.status::public.note_result_status,fixture.comment
from (values
 ('20000000-0000-0000-0000-000000000001','45000000-0000-0000-0000-000000000007','31000000-0000-0000-0000-000000000001',15.5,null,'Très bon ensemble'),
 ('20000000-0000-0000-0000-000000000001','45000000-0000-0000-0000-000000000007','31000000-0000-0000-0000-000000000005',14,null,'Résultats solides'),
 ('20000000-0000-0000-0000-000000000001','45000000-0000-0000-0000-000000000007','31000000-0000-0000-0000-000000000006',10,null,'Progrès attendus en calcul'),
 ('20000000-0000-0000-0000-000000000001','45000000-0000-0000-0000-000000000008','31000000-0000-0000-0000-000000000002',12.5,null,'Expression correcte'),
 ('20000000-0000-0000-0000-000000000001','45000000-0000-0000-0000-000000000008','31000000-0000-0000-0000-000000000007',16.5,null,'Excellente copie'),
 ('20000000-0000-0000-0000-000000000001','45000000-0000-0000-0000-000000000008','31000000-0000-0000-0000-000000000008',null,'postponed','Composition de remplacement à programmer')
) as fixture(institution_id,note_id,student_id,value,status,comment)
join public.gradebook_notes note on note.id=fixture.note_id::uuid
where note.institution_id=fixture.institution_id::uuid;

-- Two immutable formula series, including a second version and a level override,
-- exercise cycle fallback, level priority, history and reactivation screens.
insert into public.grading_formula_series (
  id,institution_id,academic_year_id,code,name,formula_type,description
) values
 ('47000000-0000-0000-0000-000000000001','20000000-0000-0000-0000-000000000001','25000000-0000-0000-0000-000000000002','FORMULE_PRIMAIRE','Formule primaire','course_average','Moyenne continue et composition'),
 ('47000000-0000-0000-0000-000000000002','20000000-0000-0000-0000-000000000001','25000000-0000-0000-0000-000000000002','FORMULE_COLLEGE','Formule collège','course_average','Formule commune du collège');

insert into public.grading_formula_versions (
  id,institution_id,academic_year_id,series_id,version,rules,created_by
) values
 ('47100000-0000-0000-0000-000000000001','20000000-0000-0000-0000-000000000001','25000000-0000-0000-0000-000000000002','47000000-0000-0000-0000-000000000001',1,'{"expression":"(INTERRO + DEVOIR + COMPO * 2) / 4","rounding":2}','10000000-0000-0000-0000-000000000001'),
 ('47100000-0000-0000-0000-000000000002','20000000-0000-0000-0000-000000000001','25000000-0000-0000-0000-000000000002','47000000-0000-0000-0000-000000000001',2,'{"expression":"(INTERRO + DEVOIR * 2 + COMPO * 2) / 5","rounding":2}','10000000-0000-0000-0000-000000000001'),
 ('47100000-0000-0000-0000-000000000003','20000000-0000-0000-0000-000000000001','25000000-0000-0000-0000-000000000002','47000000-0000-0000-0000-000000000002',1,'{"expression":"(INTERRO + DEVOIR + COMPO * 2) / 4","rounding":2}','10000000-0000-0000-0000-000000000001');

insert into public.grading_formula_assignments (
  id,institution_id,academic_year_id,formula_version_id,cycle_id,academic_year_level_id,is_active
) values
 ('47200000-0000-0000-0000-000000000001','20000000-0000-0000-0000-000000000001','25000000-0000-0000-0000-000000000002','47100000-0000-0000-0000-000000000001','23000000-0000-0000-0000-000000000001',null,false),
 ('47200000-0000-0000-0000-000000000002','20000000-0000-0000-0000-000000000001','25000000-0000-0000-0000-000000000002','47100000-0000-0000-0000-000000000002','23000000-0000-0000-0000-000000000001',null,true),
 ('47200000-0000-0000-0000-000000000003','20000000-0000-0000-0000-000000000001','25000000-0000-0000-0000-000000000002','47100000-0000-0000-0000-000000000003','23000000-0000-0000-0000-000000000002',null,true),
 ('47200000-0000-0000-0000-000000000004','20000000-0000-0000-0000-000000000001','25000000-0000-0000-0000-000000000002','47100000-0000-0000-0000-000000000003',null,'28000000-0000-0000-0000-000000000004',true);

-- Responsibility fixtures populate the list and cover holder, deputy and acting
-- capacities using the catalogue installed by the migration.
insert into public.cycle_responsibilities (
  id,institution_id,academic_year_id,cycle_id,responsibility_type_id,person_id,
  capacity,starts_on,ends_on,replaced_person_id,status
)
select fixture.id,'20000000-0000-0000-0000-000000000001',
       '25000000-0000-0000-0000-000000000002',fixture.cycle_id,
       responsibility_type.id,fixture.person_id,fixture.capacity,
       fixture.starts_on,fixture.ends_on,fixture.replaced_person_id,'active'
from (values
 ('48000000-0000-0000-0000-000000000001'::uuid,'23000000-0000-0000-0000-000000000001'::uuid,'CYCLE_MANAGER','41000000-0000-0000-0000-000000000001'::uuid,'holder','2025-09-01'::date,null::date,null::uuid),
 ('48000000-0000-0000-0000-000000000002'::uuid,'23000000-0000-0000-0000-000000000001'::uuid,'PEDAGOGICAL_MANAGER','41000000-0000-0000-0000-000000000002'::uuid,'deputy','2025-09-01'::date,null::date,null::uuid),
 ('48000000-0000-0000-0000-000000000003'::uuid,'23000000-0000-0000-0000-000000000002'::uuid,'PRINCIPAL','41000000-0000-0000-0000-000000000002'::uuid,'holder','2025-09-01'::date,null::date,null::uuid),
 ('48000000-0000-0000-0000-000000000004'::uuid,'23000000-0000-0000-0000-000000000002'::uuid,'CENSEUR','41000000-0000-0000-0000-000000000001'::uuid,'acting','2025-11-01'::date,'2025-11-30'::date,'41000000-0000-0000-0000-000000000002'::uuid)
) as fixture(id,cycle_id,type_code,person_id,capacity,starts_on,ends_on,replaced_person_id)
join public.cycle_responsibility_types responsibility_type
  on responsibility_type.institution_id='20000000-0000-0000-0000-000000000001'
 and responsibility_type.code=fixture.type_code;

-- Generation history covers completed, partial, published, validation and
-- blocked states. Snapshots expose formula metadata and ranking in previews.
insert into public.bulletin_generation_batches (
  id,institution_id,academic_year_id,period_id,scope_type,scope_ids,options,status,
  total_count,generated_count,warning_count,blocked_count,initiated_by,completed_at
) values
 ('49000000-0000-0000-0000-000000000001','20000000-0000-0000-0000-000000000001','25000000-0000-0000-0000-000000000002','46000000-0000-0000-0000-000000000001','class',array['30000000-0000-0000-0000-000000000001'::uuid],'{"ranking":true,"appreciations":true}','completed',3,3,0,0,'10000000-0000-0000-0000-000000000001',now()),
 ('49000000-0000-0000-0000-000000000002','20000000-0000-0000-0000-000000000001','25000000-0000-0000-0000-000000000002','46000000-0000-0000-0000-000000000004','class',array['30000000-0000-0000-0000-000000000002'::uuid],'{"ranking":true,"appreciations":true}','partial',3,2,0,1,'10000000-0000-0000-0000-000000000001',now());

insert into public.bulletin_versions (
  id,institution_id,academic_year_id,period_id,enrollment_id,student_id,class_id,
  batch_id,version,status,snapshot,validated_by,validated_at,published_by,published_at
) values
 ('49100000-0000-0000-0000-000000000001','20000000-0000-0000-0000-000000000001','25000000-0000-0000-0000-000000000002','46000000-0000-0000-0000-000000000001','33000000-0000-0000-0000-000000000001','31000000-0000-0000-0000-000000000001','30000000-0000-0000-0000-000000000001','49000000-0000-0000-0000-000000000001',1,'published','{"student_name":"Aminata Diallo","general_average":15.25,"rank":1,"class_size":3,"formula":{"version":2,"scope":"cycle","expression":"(INTERRO + DEVOIR * 2 + COMPO * 2) / 5"}}','10000000-0000-0000-0000-000000000001',now(),'10000000-0000-0000-0000-000000000001',now()),
 ('49100000-0000-0000-0000-000000000002','20000000-0000-0000-0000-000000000001','25000000-0000-0000-0000-000000000002','46000000-0000-0000-0000-000000000001','33000000-0000-0000-0000-000000000005','31000000-0000-0000-0000-000000000005','30000000-0000-0000-0000-000000000001','49000000-0000-0000-0000-000000000001',1,'validated','{"student_name":"Fatoumata Barry","general_average":14.00,"rank":2,"class_size":3,"formula":{"version":2,"scope":"cycle","expression":"(INTERRO + DEVOIR * 2 + COMPO * 2) / 5"}}','10000000-0000-0000-0000-000000000001',now(),null,null),
 ('49100000-0000-0000-0000-000000000003','20000000-0000-0000-0000-000000000001','25000000-0000-0000-0000-000000000002','46000000-0000-0000-0000-000000000001','33000000-0000-0000-0000-000000000006','31000000-0000-0000-0000-000000000006','30000000-0000-0000-0000-000000000001','49000000-0000-0000-0000-000000000001',1,'pending_validation','{"student_name":"Mamadou Soumah","general_average":9.75,"rank":3,"class_size":3,"formula":{"version":2,"scope":"cycle","expression":"(INTERRO + DEVOIR * 2 + COMPO * 2) / 5"}}',null,null,null,null);

insert into public.bulletin_generation_items (
  id,institution_id,batch_id,enrollment_id,student_id,class_id,status,issue_code,
  message,bulletin_version_id
) values
 ('49200000-0000-0000-0000-000000000001','20000000-0000-0000-0000-000000000001','49000000-0000-0000-0000-000000000001','33000000-0000-0000-0000-000000000001','31000000-0000-0000-0000-000000000001','30000000-0000-0000-0000-000000000001','generated',null,null,'49100000-0000-0000-0000-000000000001'),
 ('49200000-0000-0000-0000-000000000002','20000000-0000-0000-0000-000000000001','49000000-0000-0000-0000-000000000001','33000000-0000-0000-0000-000000000005','31000000-0000-0000-0000-000000000005','30000000-0000-0000-0000-000000000001','generated',null,null,'49100000-0000-0000-0000-000000000002'),
 ('49200000-0000-0000-0000-000000000003','20000000-0000-0000-0000-000000000001','49000000-0000-0000-0000-000000000001','33000000-0000-0000-0000-000000000006','31000000-0000-0000-0000-000000000006','30000000-0000-0000-0000-000000000001','generated',null,null,'49100000-0000-0000-0000-000000000003'),
 ('49200000-0000-0000-0000-000000000004','20000000-0000-0000-0000-000000000001','49000000-0000-0000-0000-000000000002','33000000-0000-0000-0000-000000000008','31000000-0000-0000-0000-000000000008','30000000-0000-0000-0000-000000000002','blocked','postponed_result','Composition de remplacement non saisie',null);

commit;
